Id,Probability,LoanAmount
0,0.3577173,1032
1,0.014021657,1523
2,0.9128372,7150
3,0.1576972,250
4,0.3533974,5551
5,0.046576943,250
6,0.32688984,3946
7,0.5497506,2827
8,0.25353223,319
9,0.3438951,1420
10,0.34990257,1683
11,0.3608084,3789
12,0.87574947,6402
13,0.56957537,6971
14,0.15831281,1880
15,0.31505963,5105
16,0.6999803,5927
17,0.5191243,10584
18,0.019294439,1144
19,0.27348295,4014
20,0.11145822,250
21,0.5906164,8032
22,0.0036804231,250
23,0.0760413,250
24,0.30173358,7587
25,0.039806675,357
26,0.8081335,6996
27,0.046536032,2964
28,0.3038793,5614
29,0.07092559,2064
30,0.32006836,2056
31,0.106564775,250
32,0.37282935,463
33,0.24099907,6907
34,0.12888277,250
35,0.2365022,1149
36,0.9569078,7846
37,0.23440462,778
38,0.44398263,1244
39,0.33078292,5601
40,0.014308474,250
41,0.5803018,5308
42,0.48004863,3452
43,0.014526054,250
44,0.19520617,5600
45,0.10141693,2187
46,0.8381138,5495
47,0.13840728,1884
48,0.10279345,2886
49,0.013440124,250
50,0.0439287,2511
51,0.60881907,2901
52,0.6905713,5673
53,0.015386002,1543
54,0.5837124,5056
55,0.29598543,3114
56,0.2827813,5913
57,0.50919974,6238
58,0.006470034,250
59,0.15879773,1820
60,0.54777235,3423
61,0.5060315,6703
62,0.29675007,2720
63,0.8549557,4603
64,0.61379045,4789
65,0.12326655,250
66,0.5840574,4649
67,0.019466301,250
68,0.45619795,5241
69,0.4040869,1420
70,0.09691841,337
71,0.5272972,6811
72,0.8608671,6795
73,0.30555043,1006
74,0.014482847,250
75,0.2367866,4411
76,0.24849269,2649
77,0.5751999,4722
78,0.9824058,10184
79,0.2530807,2875
80,0.4332357,5692
81,0.16089217,4609
82,0.008693519,368
83,0.0077707283,250
84,0.087921016,3072
85,0.30054337,5245
86,0.0068082116,250
87,0.009165598,1376
88,0.25979152,3811
89,0.41235903,1506
90,0.010377824,250
91,0.31671157,2916
92,0.047761098,3261
93,0.7240119,4660
94,0.32150146,1528
95,0.44404614,2605
96,0.534784,4989
97,0.9262068,3176
98,0.768139,5497
99,0.00882648,250
100,0.19062142,1380
101,0.33484823,5921
102,0.29118273,7061
103,0.23267072,7762
104,0.10853118,3047
105,0.2227455,1710
106,0.29534405,3416
107,0.9340441,8222
108,0.7919413,6222
109,0.014879032,1711
110,0.013983743,250
111,0.31799838,3681
112,0.45628297,5356
113,0.38295397,5238
114,0.01931606,250
115,0.6590191,5678
116,0.9239657,5851
117,0.04611678,250
118,0.24592721,1102
119,0.0528878,1645
120,0.7159282,8569
121,0.5905243,3373
122,0.21575224,3554
123,0.9487202,10292
124,0.2961809,3415
125,0.0044535776,312
126,0.41776052,938
127,0.04689457,250
128,0.009615781,309
129,0.17930199,1620
130,0.76038533,6893
131,0.7011192,4833
132,0.022372346,250
133,0.009020855,250
134,0.5917915,6307
135,0.12072184,1241
136,0.46758267,2976
137,0.004053928,250
138,0.44664788,5009
139,0.5318742,5124
140,0.47763,6415
141,0.013867157,250
142,0.36773568,1646
143,0.61075634,6559
144,0.39956272,2224
145,0.008734334,250
146,0.22071198,2624
147,0.8421312,8411
148,0.2628277,5853
149,0.14237812,586
150,0.8504247,9233
151,0.014956813,250
152,0.9943455,7240
153,0.292733,5626
154,0.043301858,250
155,0.5099191,1855
156,0.032100987,2049
157,0.87861127,5846
158,0.15537624,1830
159,0.25031188,5172
160,0.25304437,3003
161,0.23552433,2138
162,0.38549843,1401
163,0.018138329,250
164,0.3356969,6621
165,0.43196782,5251
166,0.32799178,4035
167,0.23056772,5096
168,0.15607662,701
169,0.9017649,6441
170,0.8783765,4673
171,0.8316202,6154
172,0.8277625,3794
173,0.2648373,3332
174,0.14896397,382
175,0.3496216,3351
176,0.38331965,5588
177,0.24929917,6417
178,0.24241903,2055
179,0.052152254,250
180,0.9769355,5775
181,0.34512907,1820
182,0.6824581,6198
183,0.05120501,1349
184,0.310064,3416
185,0.4415093,7499
186,0.4839603,4793
187,0.86868584,4155
188,0.9571522,5145
189,0.018313447,3068
190,0.42621955,2513
191,0.11306317,4409
192,0.12493706,1970
193,0.1057827,1145
194,0.085237496,583
195,0.17913142,3411
196,0.71978563,9016
197,0.669197,4553
198,0.008525866,250
199,0.07716974,250
200,0.12207197,1530
201,0.013974745,815
202,0.018068112,1895
203,0.70719516,4353
204,0.87473416,7876
205,0.9688183,9647
206,0.22527419,5940
207,0.36312756,4708
208,0.36561948,9010
209,0.56145155,8516
210,0.54121315,3396
211,0.04689457,250
212,0.049267747,2761
213,0.042869665,818
214,0.29631418,1098
215,0.7657302,5758
216,0.004053928,250
217,0.023404555,250
218,0.2996228,5821
219,0.22942872,1443
220,0.93652564,7208
221,0.42929512,2202
222,0.3578285,3229
223,0.64508134,6041
224,0.08870636,250
225,0.021947931,2705
226,0.28668553,3303
227,0.41646078,4140
228,0.00332729,250
229,0.18013273,2026
230,0.150318,3418
231,0.10236781,5542
232,0.07892431,1164
233,0.43706802,4574
234,0.6097619,250
235,0.76331455,3700
236,0.9495729,3000
237,0.37131068,4547
238,0.5850315,3109
239,0.97062993,7062
240,0.3856333,7191
241,0.09501367,1784
242,0.94733906,5223
243,0.8349557,4907
244,0.4492692,5210
245,0.18402925,4168
246,0.21793252,250
247,0.4649045,5013
248,0.30690753,3292
249,0.02122181,1157
250,0.041990984,1525
251,0.16321811,6169
252,0.18708625,1586
253,0.8198171,3072
254,0.0054833787,250
255,0.07121345,329
256,0.08625394,3562
257,0.424553,7173
258,0.6534269,3914
259,0.39563322,1110
260,0.37792602,3148
261,0.02741587,250
262,0.35775825,6281
263,0.25533628,4490
264,0.343026,2499
265,0.19012779,1312
266,0.29938978,2879
267,0.5469803,5234
268,0.008159509,250
269,0.85694885,5636
270,0.9367629,7465
271,0.08361138,840
272,0.032549426,2246
273,0.3537841,4469
274,0.20498371,2410
275,0.3964827,1735
276,0.3022027,2228
277,0.8406144,7624
278,0.21741265,6401
279,0.23718137,1853
280,0.2757057,3497
281,0.44194168,5182
282,0.14302005,2878
283,0.27553618,4375
284,0.32135686,5460
285,0.82444465,5723
286,0.2967498,4334
287,0.088455185,3073
288,0.0526069,3355
289,0.011799896,250
290,0.11104966,2573
291,0.016523317,250
292,0.030032191,990
293,0.8495186,5197
294,0.89766234,4134
295,0.5431623,4478
296,0.3802182,8300
297,0.15257087,3851
298,0.054865614,496
299,0.25834683,509
300,0.30137265,4801
301,0.14016683,1728
302,0.39482224,2776
303,0.3669137,3859
304,0.052594345,4137
305,0.16821398,5668
306,0.805411,5465
307,0.19297247,3797
308,0.07859988,1212
309,0.08249509,1969
310,0.9004923,6033
311,0.1817206,1368
312,0.07336798,4036
313,0.3046437,3420
314,0.033979695,250
315,0.20818761,5871
316,0.7706322,2544
317,0.15811531,4533
318,0.5622408,2403
319,0.74491125,2659
320,0.05863532,1233
321,0.0036804231,250
322,0.19260322,1216
323,0.38249955,3201
324,0.25725263,7682
325,0.011353286,250
326,0.43388987,6203
327,0.4190157,6651
328,0.420987,5877
329,0.9229126,8281
330,0.21967256,2527
331,0.68472934,3714
332,0.020552846,3410
333,0.0094893295,960
334,0.08300109,993
335,0.52781737,5787
336,0.030054307,250
337,0.084826276,1065
338,0.26761943,4539
339,0.9809775,6304
340,0.22867526,2531
341,0.2710429,2243
342,0.03780843,1843
343,0.24546364,4351
344,0.23297793,576
345,0.30254433,250
346,0.07293443,1079
347,0.059427023,1426
348,0.83608806,5206
349,0.87174284,5613
350,0.8004593,6943
351,0.08138386,250
352,0.72292846,2663
353,0.69106513,5859
354,0.079008654,514
355,0.018948063,377
356,0.32073218,4877
357,0.14838684,250
358,0.889505,8497
359,0.68545747,8141
360,0.8091118,7347
361,0.40250823,1529
362,0.21028098,1129
363,0.8228203,6502
364,0.008434107,250
365,0.66515356,5650
366,0.34177655,2165
367,0.07492931,288
368,0.18078038,3451
369,0.0030571974,250
370,0.3707466,6327
371,0.066505015,1138
372,0.18341728,1931
373,0.07465953,4275
374,0.35310873,3161
375,0.74876916,5037
376,0.15932028,723
377,0.16902228,4892
378,0.00332729,250
379,0.72130793,5964
380,0.4331118,5071
381,0.33002248,2853
382,0.14360824,250
383,0.8966925,6607
384,0.45225936,6199
385,0.3350445,4810
386,0.83758354,7482
387,0.17086364,2807
388,0.027111482,1518
389,0.093602024,250
390,0.0629751,2086
391,0.81843305,7184
392,0.56704926,5222
393,0.13710082,2652
394,0.5793222,7200
395,0.7409308,7631
396,0.37179765,1571
397,0.41164747,4821
398,0.007086295,250
399,0.4427486,1821
400,0.70370173,6623
401,0.42715055,1412
402,0.18934828,930
403,0.93948793,8184
404,0.9168558,7118
405,0.9318212,6658
406,0.4266839,8070
407,0.28951374,2483
408,0.4367267,250
409,0.49348235,2719
410,0.11885776,2290
411,0.31164336,2774
412,0.71713644,7468
413,0.021582417,2173
414,0.16299544,3366
415,0.007719911,250
416,0.12577717,521
417,0.48659626,5087
418,0.15869272,3182
419,0.2179901,3283
420,0.41097072,3810
421,0.0248036,3104
422,0.13879861,5576
423,0.32045978,2238
424,0.92181635,5717
425,0.08625381,1665
426,0.0042668018,250
427,0.009289646,250
428,0.040660586,250
429,0.14469911,4684
430,0.8900212,7077
431,0.33614615,3105
432,0.025299951,951
433,0.026254758,400
434,0.04519105,250
435,0.32682055,6062
436,0.22379188,1038
437,0.73002106,8219
438,0.5277714,6640
439,0.061207768,2337
440,0.6794986,2018
441,0.092332214,2326
442,0.39043376,5607
443,0.32071006,336
444,0.16561991,5313
445,0.08935925,250
446,0.25167555,2274
447,0.77093333,7120
448,0.26295367,2085
449,0.34393966,6905
450,0.13096718,3995
451,0.45648223,5520
452,0.1597066,816
453,0.87068194,4738
454,0.6558474,8005
455,0.35965416,3399
456,0.3483181,2900
457,0.1279343,916
458,0.5200004,2433
459,0.71003014,2457
460,0.13833433,2560
461,0.24939072,3705
462,0.045548722,250
463,0.014018091,250
464,0.21135706,3207
465,0.39389786,3533
466,0.3743561,6959
467,0.49851966,4674
468,0.0036804231,250
469,0.42190132,3167
470,0.021503657,1052
471,0.010314227,250
472,0.8506692,4425
473,0.29891208,5601
474,0.7866334,6523
475,0.04397664,931
476,0.005922307,250
477,0.40527555,2227
478,0.20431364,711
479,0.31173393,4696
480,0.24745998,4212
481,0.49642327,5148
482,0.11199838,1371
483,0.8299163,6523
484,0.0139354225,250
485,0.63956416,2441
486,0.22814542,250
487,0.35344195,5784
488,0.20767097,7584
489,0.94864655,8258
490,0.895093,5624
491,0.9129184,6954
492,0.7630995,2071
493,0.5494519,4928
494,0.3638551,2126
495,0.30610925,2490
496,0.19183151,2992
497,0.17626965,2660
498,0.50842756,5966
499,0.7892213,10540
500,0.25576416,6078
501,0.014804117,250
502,0.9265417,8293
503,0.2884748,3731
504,0.36159357,6065
505,0.9811616,6617
506,0.21499112,4638
507,0.2331251,3955
508,0.27235436,2909
509,0.072448574,2727
510,0.37279475,3196
511,0.6813172,1661
512,0.38689077,3237
513,0.64141476,4426
514,0.09900342,1775
515,0.73341995,4791
516,0.34543893,5728
517,0.36192226,2266
518,0.19810282,4399
519,0.17805044,4211
520,0.78389573,5075
521,0.011054516,650
522,0.06362996,2323
523,0.15606591,2174
524,0.1800732,3009
525,0.46013933,5289
526,0.48146704,5674
527,0.09195153,1312
528,0.91148233,8116
529,0.8914249,7248
530,0.87281233,7824
531,0.67766976,3482
532,0.037650276,250
533,0.39464545,6020
534,0.47254765,5123
535,0.5422373,8074
536,0.6597189,5092
537,0.8876755,6180
538,0.36843812,4721
539,0.40137488,4657
540,0.1785657,4048
541,0.3841348,6110
542,0.78256613,5283
543,0.28741544,5056
544,0.5859551,6066
545,0.100138314,2239
546,0.24439141,2829
547,0.12546422,250
548,0.3072241,3181
549,0.647871,4296
550,0.84511906,6251
551,0.40563187,4209
552,0.4401667,3295
553,0.3032747,3515
554,0.10801517,2036
555,0.0042668018,250
556,0.020538308,2430
557,0.24523722,1846
558,0.49824616,2546
559,0.9485248,7928
560,0.073283784,2683
561,0.24060595,2192
562,0.10926,1657
563,0.59618574,5928
564,0.47890264,6032
565,0.18665569,1782
566,0.26542765,5311
567,0.32207298,3278
568,0.2195638,3137
569,0.22905158,3722
570,0.8803246,9426
571,0.121592976,3366
572,0.9462269,7864
573,0.20648214,4622
574,0.03583748,3765
575,0.7681339,6263
576,0.03286569,3147
577,0.019658078,1576
578,0.43008515,4338
579,0.48917046,4390
580,0.0039170985,250
581,0.04852749,2634
582,0.65180737,3308
583,0.18143643,1904
584,0.29350027,2742
585,0.03701878,3233
586,0.33411387,1781
587,0.79509497,6572
588,0.23499735,1917
589,0.27144217,3793
590,0.32531843,861
591,0.06963498,917
592,0.18803725,1968
593,0.11874287,3290
594,0.61590296,2909
595,0.09183943,250
596,0.17492594,1586
597,0.15071252,2947
598,0.383465,2440
599,0.83593434,6100
600,0.061049033,632
601,0.17890903,4231
602,0.61282164,3299
603,0.26467344,2750
604,0.10476583,250
605,0.49408397,4577
606,0.29584497,5118
607,0.8042331,6764
608,0.87218034,3980
609,0.009665514,982
610,0.95086855,7251
611,0.28002977,5671
612,0.35497636,2078
613,0.015721703,3176
614,0.21783598,3576
615,0.043667555,250
616,0.64655083,9076
617,0.66733885,7136
618,0.92073816,6433
619,0.6453277,5197
620,0.19069526,2349
621,0.20148169,1634
622,0.016927455,250
623,0.15779307,250
624,0.9332048,7611
625,0.43312207,5664
626,0.06733249,250
627,0.9367415,9225
628,0.250136,3772
629,0.95324314,7110
630,0.043734312,250
631,0.8683106,5460
632,0.6194412,3972
633,0.5351673,4109
634,0.010546244,261
635,0.24002844,3346
636,0.6790846,7375
637,0.5940372,8206
638,0.32172126,3094
639,0.24550675,4850
640,0.79462147,4550
641,0.9392478,6143
642,0.10967646,3905
643,0.29262942,3891
644,0.42756072,2212
645,0.8345741,7109
646,0.21156828,3333
647,0.39185706,5563
648,0.9012635,4424
649,0.30547586,3196
650,0.94950813,7215
651,0.45035332,6370
652,0.18082316,250
653,0.09359452,250
654,0.6570204,2160
655,0.6994151,4689
656,0.6463514,6859
657,0.20808841,2616
658,0.078796126,567
659,0.2986137,1977
660,0.6506297,5510
661,0.3042944,7798
662,0.15503186,2247
663,0.34109065,3146
664,0.09054899,317
665,0.011325766,250
666,0.47217563,4142
667,0.15588073,2365
668,0.20023504,2498
669,0.03618459,4426
670,0.5143358,4767
671,0.37012953,2275
672,0.07825549,250
673,0.8471654,5560
674,0.8393527,4774
675,0.010314227,250
676,0.640266,2071
677,0.31600893,4572
678,0.050355583,3484
679,0.36290202,4905
680,0.21178305,1115
681,0.98178905,8329
682,0.08163431,540
683,0.21324028,4016
684,0.37138015,3235
685,0.55284214,4994
686,0.0045716483,250
687,0.25452384,2219
688,0.093602024,250
689,0.28994498,1908
690,0.29391745,5909
691,0.37279335,3627
692,0.3847274,2491
693,0.034743693,250
694,0.09346158,1519
695,0.08411135,4245
696,0.90491223,5829
697,0.75793743,5157
698,0.81434256,5566
699,0.008728333,250
700,0.31659776,4881
701,0.28976923,6144
702,0.22539575,2424
703,0.7279343,5644
704,0.9009001,7688
705,0.83229154,9528
706,0.6859009,4817
707,0.08254251,250
708,0.2599615,297
709,0.01014879,250
710,0.03985193,1755
711,0.16443105,1410
712,0.21921566,3203
713,0.2719842,2539
714,0.010272398,786
715,0.91843283,8247
716,0.06252136,2148
717,0.30725622,1696
718,0.40501598,3063
719,0.18615626,250
720,0.7577832,5325
721,0.039487295,250
722,0.79602754,5750
723,0.15818417,1809
724,0.9453931,6554
725,0.21635085,2005
726,0.013427869,2298
727,0.44061366,3043
728,0.038584158,332
729,0.023904229,250
730,0.2757168,3988
731,0.14205249,2641
732,0.11452625,2267
733,0.93131876,6138
734,0.33400506,4183
735,0.24346927,6204
736,0.25032568,3497
737,0.22100735,3716
738,0.24353014,3837
739,0.75677073,6565
740,0.47076675,3569
741,0.03302799,250
742,0.29987866,5490
743,0.36385092,3583
744,0.33638766,4945
745,0.19861844,1825
746,0.5390756,5237
747,0.516525,7546
748,0.2579328,6160
749,0.3438485,1163
750,0.67466265,4981
751,0.2982802,1071
752,0.17914562,3265
753,0.8091788,6322
754,0.1629137,2313
755,0.39468697,4556
756,0.053049184,1061
757,0.31444976,3161
758,0.27822134,3328
759,0.45489246,5137
760,0.04849012,424
761,0.24521354,5844
762,0.22652826,4095
763,0.15845545,3015
764,0.0765686,1957
765,0.22945777,2924
766,0.29059526,3787
767,0.021173904,250
768,0.21634713,4312
769,0.7841254,11347
770,0.13277656,2082
771,0.14252166,1939
772,0.24122669,2295
773,0.87456864,8382
774,0.84624213,5727
775,0.47661158,6690
776,0.10917961,1112
777,0.37015316,3668
778,0.07255486,3216
779,0.28996563,4120
780,0.39233065,5162
781,0.4494497,2754
782,0.21701902,818
783,0.954046,6510
784,0.20675558,3098
785,0.021885257,250
786,0.09299748,3750
787,0.72626495,3860
788,0.6052511,6542
789,0.006874249,360
790,0.09011008,4349
791,0.015353313,442
792,0.3353389,2349
793,0.8367244,5933
794,0.3084625,2359
795,0.068406515,3315
796,0.1994958,1766
797,0.29410946,2878
798,0.12994455,250
799,0.6875577,6650
800,0.686412,4798
801,0.4663483,2635
802,0.47101206,4811
803,0.075572595,250
804,0.35255003,1854
805,0.08773308,3056
806,0.0051975474,250
807,0.1768357,988
808,0.6804844,6971
809,0.500033,5742
810,0.43376943,5517
811,0.34294787,5064
812,0.18396224,250
813,0.12182948,2618
814,0.3674608,5590
815,0.2861743,3822
816,0.13681714,251
817,0.10646732,3029
818,0.3764049,3457
819,0.062079713,252
820,0.23956405,4536
821,0.23550482,4364
822,0.5008222,5595
823,0.776332,8474
824,0.023299666,250
825,0.22594997,3521
826,0.41479313,2434
827,0.014443195,552
828,0.046298478,4345
829,0.0070732865,250
830,0.30461046,3934
831,0.032268014,936
832,0.061450496,2007
833,0.80930024,10269
834,0.020789107,250
835,0.7329077,6744
836,0.26720855,2413
837,0.49642596,6954
838,0.8611891,4046
839,0.22314145,4879
840,0.82722145,4735
841,0.20700333,250
842,0.3110765,2368
843,0.22521362,4104
844,0.9400637,6991
845,0.33478218,2159
846,0.61974657,3617
847,0.8756392,6118
848,0.57596517,7801
849,0.0036804231,250
850,0.13259731,3000
851,0.88373417,10151
852,0.2690236,4744
853,0.4839771,5606
854,0.10464382,1139
855,0.007507351,250
856,0.7261197,4984
857,0.27023387,4715
858,0.17209229,3796
859,0.339791,5772
860,0.5678747,3347
861,0.19346663,3271
862,0.2905795,1773
863,0.36762586,2371
864,0.18516698,4102
865,0.14042006,713
866,0.24201046,1134
867,0.007394911,250
868,0.13053407,250
869,0.9325561,7711
870,0.012923308,974
871,0.22164029,3531
872,0.0992186,250
873,0.8166986,4793
874,0.22997059,337
875,0.9631727,5477
876,0.20356618,830
877,0.19748935,1661
878,0.9012703,4864
879,0.043892417,404
880,0.9233272,7779
881,0.6831975,7519
882,0.22838365,6041
883,0.123420745,655
884,0.21415436,436
885,0.17514661,4274
886,0.30257443,1689
887,0.30647504,3009
888,0.16154598,2096
889,0.099773414,2806
890,0.22238278,4110
891,0.18970928,3452
892,0.037461568,250
893,0.49557102,4883
894,0.01467207,250
895,0.2950519,2792
896,0.34176838,4570
897,0.15497784,288
898,0.29979828,2463
899,0.20349348,2322
900,0.2294015,3185
901,0.15379937,250
902,0.22368963,1918
903,0.42014068,4653
904,0.90787965,5595
905,0.2745515,1444
906,0.024380833,250
907,0.007472485,250
908,0.934027,8523
909,0.054981507,2348
910,0.7424205,5321
911,0.101974465,250
912,0.01614931,250
913,0.0072548124,250
914,0.016962674,2052
915,0.9630718,9564
916,0.32789174,5249
917,0.9235821,6448
918,0.1670152,1165
919,0.06198111,1564
920,0.6435897,1584
921,0.07616413,250
922,0.73361236,4568
923,0.89005923,7315
924,0.48650268,250
925,0.83803284,5082
926,0.042926237,681
927,0.104305685,945
928,0.3741195,616
929,0.15292937,1444
930,0.12784246,250
931,0.021864092,250
932,0.026704311,822
933,0.51360935,4504
934,0.7933256,4427
935,0.17248735,2851
936,0.82210046,9727
937,0.32241824,1165
938,0.20794958,888
939,0.37188712,3124
940,0.1844711,1834
941,0.11969224,1541
942,0.8880856,9143
943,0.048951317,1249
944,0.4116831,2244
945,0.21032253,4993
946,0.39501473,5120
947,0.114073485,2922
948,0.12400018,2286
949,0.0051975474,250
950,0.8044663,6084
951,0.9773932,9582
952,0.038810205,250
953,0.37276688,2294
954,0.38130158,4589
955,0.23493853,842
956,0.034684587,2323
957,0.08830386,250
958,0.43156028,7160
959,0.32783672,3545
960,0.11762377,3861
961,0.13617773,3711
962,0.3940777,5932
963,0.6829985,5169
964,0.60932314,2849
965,0.48591065,1907
966,0.10857469,3728
967,0.006154112,443
968,0.014661534,2574
969,0.02020788,825
970,0.510609,2216
971,0.03630976,250
972,0.22265412,2099
973,0.07441142,1928
974,0.03777771,250
975,0.2805654,5127
976,0.86702704,3785
977,0.23477525,3007
978,0.11107136,1501
979,0.037025053,250
980,0.7419667,5102
981,0.18408182,1468
982,0.89320064,5677
983,0.6521947,1973
984,0.6094819,5658
985,0.8150172,6173
986,0.09069987,1920
987,0.28614533,1779
988,0.37248114,5894
989,0.20054461,1873
990,0.74993485,4655
991,0.5735469,4967
992,0.71580607,6220
993,0.3786358,6013
994,0.3661868,7860
995,0.06967058,250
996,0.5331838,5308
997,0.25225037,1997
998,0.24769762,1155
999,0.0053214,250
1000,0.50042456,8022
